epoch,loss,loss_sup,loss_usup,sup_acc,usup_acc,val_loss,val_loss_sup,val_loss_usup,val_sup_acc,val_usup_acc
0,2.2373509407043457,2.2373509407043457,4.5310302994039375e-06,0.15380859375,0.996826171875,2.3690741062164307,2.3690741062164307,1.0799378287629224e-05,0.14208984375,0.990234375
