epoch,loss,loss_sup,loss_usup,sup_acc,usup_acc,val_loss,val_loss_sup,val_loss_usup,val_sup_acc,val_usup_acc
0,2.2743852138519287,2.2743852138519287,9.335795766673982e-06,0.1513671875,0.99560546875,2.2661452293395996,2.2661452293395996,1.2450700523913838e-05,0.1640625,0.99609375
1,2.0890283584594727,2.0890283584594727,7.254898264363874e-06,0.201416015625,0.99560546875,2.098987340927124,2.098987340927124,1.8324539269087836e-05,0.21337890625,0.9873046875
