epoch,loss,loss_sup,loss_usup,sup_acc,usup_acc,val_loss,val_loss_sup,val_loss_usup,val_sup_acc,val_usup_acc
0,2.28759765625,2.28759765625,0.007444370537996292,0.1278076171875,0.856201171875,2.136596202850342,2.136596202850342,0.021884145215153694,0.17724609375,0.857421875
